{"cameraMode":{"drawMode":0,"name":"Shaded","section":"Shading Mode"},"sceneLighting":true,"audioPlay":false,"sceneViewState":{"showFog":true,"showMaterialUpdate":true,"showSkybox":true,"showFlares":true,"showImageEffects":true,"showParticleSystems":true},"in2DMode":false,"pivot":{"x":-34.99080276489258,"y":-49.322906494140628,"z":33.03954315185547},"rotation":{"x":0.41330039501190188,"y":-0.3242969214916229,"z":0.1604153960943222,"w":0.8356640934944153},"size":51.39885711669922,"orthographic":false}