{"cameraMode":{"drawMode":0,"name":"Shaded","section":"Shading Mode"},"sceneLighting":false,"audioPlay":false,"sceneViewState":{"showFog":true,"showMaterialUpdate":true,"showSkybox":false,"showFlares":true,"showImageEffects":true,"showParticleSystems":true},"in2DMode":false,"pivot":{"x":-0.5325205326080322,"y":11.538573265075684,"z":-3.35678768157959},"rotation":{"x":-0.19283722341060639,"y":0.71492600440979,"z":-0.21670445799827577,"w":-0.6362038254737854},"size":0.866801917552948,"orthographic":false}